episode,score,shaped_reward,tau
1,0,12.136077,0.5
2,0,10.520213,0.40005
3,0,9.363764,0.3001
4,0,9.526666,0.20015
5,0,7.65789,0.1002
