episode,score,shaped_reward,tau
1,0,8.774384,0.498567
2,1,11.539063,0.496771
3,0,10.533777,0.495172
4,0,10.324063,0.493523
5,0,11.460771,0.491823
6,0,10.826784,0.490196
7,0,9.826266,0.488759
8,0,9.465327,0.48727
9,0,7.367761,0.485968
10,0,7.571872,0.484496
11,0,13.160552,0.482975
12,0,9.561911,0.48158
13,0,10.152841,0.480077
14,0,10.344923,0.478641
15,0,9.262763,0.477156
16,1,12.708732,0.475568
17,0,10.635914,0.473934
18,1,10.784017,0.472311
19,0,10.187739,0.470865
20,1,10.969193,0.469318
