episode,score,shaped_reward,tau
1,0,11.239666,0.498132
2,0,12.218076,0.496586
