episode,score,shaped_reward,tau
1,0,11.695717,0.498194
2,0,11.497643,0.496524
3,0,9.368725,0.495111
4,0,9.359882,0.493644
5,0,6.64614,0.492368
