episode,score,shaped_reward,tau
1,1,8.26517,0.49838
2,0,7.697662,0.496771
3,0,9.345948,0.495417
